{"schemaVersion":"1.0","appDefinitionTemplate":{"id":"/providers/Microsoft.PowerApps/apps/","type":"Microsoft.PowerApps/apps","tags":{"primaryDeviceWidth":"1366","primaryDeviceHeight":"768","sienaVersion":"20220921T234230Z-3.22091.11.0","deviceCapabilities":"","supportsPortrait":"true","supportsLandscape":"true","primaryFormFactor":"Tablet","publisherVersion":"3.22091.11","minimumRequiredApiVersion":"2.2.0","hasComponent":"false","hasUnlockedComponent":"false","isUnifiedRootApp":"false"},"properties":{"appVersion":"2022-09-21T23:42:30Z","lifeCycleId":"Published","createdByClientVersion":{"major":3,"minor":22091,"build":11,"revision":0,"majorRevision":0,"minorRevision":0},"minClientVersion":{"major":3,"minor":22091,"build":11,"revision":0,"majorRevision":0,"minorRevision":0},"backgroundColor":"RGBA(0,176,240,1)","backgroundImageUri":"/14450656593380020974/Nd2da2739-939e-4850-b3d3-b2b8fe4cd522-logoSmallFile","displayName":"PSR lowcodera","description":"","commitMessage":"","appUris":{"documentUri":{"value":"/14450656593380020974/N2ad35ddd-a973-4c8e-8093-689f93e2d392-document.msapp"},"imageUris":[],"additionalUris":[]},"createdTime":"0001-01-01T00:00:00Z","lastModifiedTime":"0001-01-01T00:00:00Z","sharedGroupsCount":0,"sharedUsersCount":0,"icons":{"smallIconUri":"/14450656593380020974/N692324ed-7175-4f0c-8768-ea4ceb9fb144-small.png","mediumIconUri":"/14450656593380020974/N6396f3e0-3734-4bdb-a608-b68d5281336a-medium.png","largeIconUri":"/14450656593380020974/Nd502aa18-f4da-40f9-9359-9a1debb450e8-large.png","wideIconUri":"/14450656593380020974/Ncc8ceb78-9fe5-4057-b2b9-410b75155a62-wide.png"},"connectionReferences":{"9a820107-b1c7-4e9c-9064-5ab5533288e8":{"id":"bf620ab7-6c16-446e-b759-2dfa0a12ac7a","displayName":"Excel","iconUri":"https://connectoricons-prod.azureedge.net/releases/v1.0.1599/1.0.1599.3017/excel/icon.png","dataSources":["TB_Jogadores","TB_Respostas","TB_RespostasDores","TB_LocaisDores"],"dependencies":["0d1c8beb-eb0a-43d9-a31a-94d6a87b8f26"],"dependents":[],"parameterHints":{"0d1c8beb-eb0a-43d9-a31a-94d6a87b8f26":{"value":"fileSource"}},"parameterHintsV2":{"fileSource":{"value":"0d1c8beb-eb0a-43d9-a31a-94d6a87b8f26"}},"isOnPremiseConnection":false,"bypassConsent":false,"dataSets":{"b!bZ6tI7MGr0aHZzKPi_1UE_aNCez1vb5MoDNIHPqnZc4PRj8Z83hnQa0MnHUrNKz4.01TGNPFPDEUQH7CQPRJBGYCCEAYBW2VDRF":{"dataSources":{"TB_Jogadores":{"tableName":"TB_Jogadores"}}},"b!bZ6tI7MGr0aHZzKPi_1UE_aNCez1vb5MoDNIHPqnZc4PRj8Z83hnQa0MnHUrNKz4.01TGNPFPCEVMP4Z7QG7VE2YOBYNDZYB3QF":{"dataSources":{"TB_Respostas":{"tableName":"TB_Respostas"},"TB_RespostasDores":{"tableName":"TB_RespostasDores"}}},"b!bZ6tI7MGr0aHZzKPi_1UE_aNCez1vb5MoDNIHPqnZc4PRj8Z83hnQa0MnHUrNKz4.01TGNPFPDO3S3JUGHW7BFYSHQKA3HG3IGE":{"dataSources":{"TB_LocaisDores":{"tableName":"TB_LocaisDores"}}}},"apiTier":"Standard","isCustomApiConnection":false,"actions":["providers/PowerPlatform.Governance/Operations/Read"]},"0d1c8beb-eb0a-43d9-a31a-94d6a87b8f26":{"id":"88273c9b-e00b-45a0-85f3-2045c73cb3ed","displayName":"OneDrive for Business","iconUri":"https://connectoricons-prod.azureedge.net/releases/v1.0.1546/1.0.1546.2665/onedriveforbusiness/icon.png","dataSources":[],"dependencies":[],"dependents":["9a820107-b1c7-4e9c-9064-5ab5533288e8"],"parameterHints":{},"parameterHintsV2":{},"isOnPremiseConnection":false,"bypassConsent":false,"dataSets":{},"apiTier":"Standard","isCustomApiConnection":false}},"databaseReferences":{"default.cds":{"databaseDetails":{"referenceType":"Environmental","environmentName":"default.cds","overrideValues":{"status":"NotSpecified"}},"dataSources":{},"components":[{"componentName":"CustomControl","identifier":"lcera_Lowcodera.UIComponents.Icon","identifierType":"LogicalName","capabilities":{"pcfExternalServiceUsageAllowed":false}},{"componentName":"CustomControl","identifier":"lcera_Lowcodera.UIComponents.ProgressBar","identifierType":"LogicalName","capabilities":{"pcfExternalServiceUsageAllowed":false}},{"componentName":"CustomControl","identifier":"lcera_Lowcodera.UIComponents.Icon","identifierType":"LogicalName","capabilities":{"pcfExternalServiceUsageAllowed":false}},{"componentName":"CustomControl","identifier":"lcera_Lowcodera.UIComponents.Button","identifierType":"LogicalName","capabilities":{"pcfExternalServiceUsageAllowed":false}},{"componentName":"CustomControl","identifier":"lcera_Lowcodera.UIComponents.Button","identifierType":"LogicalName","capabilities":{"pcfExternalServiceUsageAllowed":false}},{"componentName":"CustomControl","identifier":"lcera_Lowcodera.UIComponents.Icon","identifierType":"LogicalName","capabilities":{"pcfExternalServiceUsageAllowed":false}},{"componentName":"CustomControl","identifier":"lcera_Lowcodera.UIComponents.Icon","identifierType":"LogicalName","capabilities":{"pcfExternalServiceUsageAllowed":false}},{"componentName":"CustomControl","identifier":"lcera_Lowcodera.UIComponents.Icon","identifierType":"LogicalName","capabilities":{"pcfExternalServiceUsageAllowed":false}},{"componentName":"CustomControl","identifier":"lcera_Lowcodera.UIComponents.Button","identifierType":"LogicalName","capabilities":{"pcfExternalServiceUsageAllowed":false}},{"componentName":"CustomControl","identifier":"lcera_Lowcodera.DataVisualization.BarChart","identifierType":"LogicalName","capabilities":{"pcfExternalServiceUsageAllowed":false}},{"componentName":"CustomControl","identifier":"lcera_Lowcodera.UIComponents.Card","identifierType":"LogicalName","capabilities":{"pcfExternalServiceUsageAllowed":false}},{"componentName":"CustomControl","identifier":"lcera_Lowcodera.UIComponents.ProgressBar","identifierType":"LogicalName","capabilities":{"pcfExternalServiceUsageAllowed":false}},{"componentName":"CustomControl","identifier":"lcera_Lowcodera.UIComponents.ProgressBar","identifierType":"LogicalName","capabilities":{"pcfExternalServiceUsageAllowed":false}},{"componentName":"CustomControl","identifier":"lcera_Lowcodera.UIComponents.ProgressBar","identifierType":"LogicalName","capabilities":{"pcfExternalServiceUsageAllowed":false}},{"componentName":"CustomControl","identifier":"lcera_Lowcodera.DataVisualization.LineChart","identifierType":"LogicalName","capabilities":{"pcfExternalServiceUsageAllowed":false}},{"componentName":"CustomControl","identifier":"lcera_Lowcodera.UIComponents.Icon","identifierType":"LogicalName","capabilities":{"pcfExternalServiceUsageAllowed":false}},{"componentName":"CustomControl","identifier":"lcera_Lowcodera.UIComponents.Card","identifierType":"LogicalName","capabilities":{"pcfExternalServiceUsageAllowed":false}},{"componentName":"CustomControl","identifier":"lcera_Lowcodera.UIComponents.Button","identifierType":"LogicalName","capabilities":{"pcfExternalServiceUsageAllowed":false}},{"componentName":"CustomControl","identifier":"lcera_Lowcodera.UIComponents.Button","identifierType":"LogicalName","capabilities":{"pcfExternalServiceUsageAllowed":false}},{"componentName":"CustomControl","identifier":"lcera_Lowcodera.UIComponents.Button","identifierType":"LogicalName","capabilities":{"pcfExternalServiceUsageAllowed":false}},{"componentName":"CustomControl","identifier":"lcera_Lowcodera.UIComponents.UIAssets","identifierType":"LogicalName","capabilities":{"pcfExternalServiceUsageAllowed":false}}]}},"almMode":"Environment","performanceOptimizationEnabled":true,"canConsumeAppPass":true,"enableModernRuntimeMode":false,"executionRestrictions":{"isTeamsOnly":false,"dataLossPreventionEvaluationResult":{"status":"Compliant","lastEvaluationDate":"2022-09-21T17:23:47.6580177Z","violations":[],"violationsByPolicy":[],"violationErrorMessage":"The app uses the following connectors: shared_excel, shared_onedriveforbusiness, shared_commondataservice."}}},"appType":"ClassicCanvasApp","appComponents":[]}}